{
  "tests": [
    {
      "name": "Test #1",
      "setup": "",
      "run": "make test",
      "input": "92 112",
      "output": "0.821429",
      "comparison": "included",
      "timeout": 2,
      "points": 1
    },
    {
      "name": "Test #2",
      "setup": "",
      "run": "make test",
      "input": "112 92",
      "output": "1.21739",
      "comparison": "included",
      "timeout": 2,
      "points": 1
    },
    {
      "name": "Test #3",
      "setup": "",
      "run": "make test",
      "input": "92 93",
      "output": "0.989247",
      "comparison": "included",
      "timeout": 2,
      "points": 1
    },
    {
      "name": "Test #4",
      "setup": "",
      "run": "make test",
      "input": "80 110",
      "output": "0.727273",
      "comparison": "included",
      "timeout": 2,
      "points": 1
    },
    {
      "name": "Test #5",
      "setup": "",
      "run": "make test",
      "input": "90 110",
      "output": "0.818182",
      "comparison": "included",
      "timeout": 2,
      "points": 1
    }
  ]
}